{
    "pageFormat": {
        "pageWidth": 80,                                                   
        "pageLength": 120,
        "characterPitch": "10",
        "typeface": "roman",
        "LeftMargin" :5,                                              
        "usePageLengthFromPrinter": false                                  
    },

    "template": {
        "header": [
            "                                 DAFTAR BARANG                          Page %{PAGE_NO}",
            "",
            "Print Date: ${tgl:19}                              ${headertext:25:RIGHT}",
            "------------------------------------------------------------------------------"
            
        ],
        "detail": [
            {
                "table": "listbarangs",                                   
                "border": true,
                "columns": [
                    { "source": "no", "width": 3, "caption": "No" },   
                    { "source": "code", "width": 20, "caption": "Code" },
                    { "source": "nama",  "width": 53, "caption": "Nama" , "wrap": true }
                ]
            }
        ]
    }
}