{
    "pageFormat": {
        "pageWidth": 80,                                                   
        "pageLength": 120,
        "characterPitch": "17",
        "typeface": "roman",
        "LeftMargin" :5,                                              
        "usePageLengthFromPrinter": false                                  
    },

    "template": {
        "header": [
            "                             DAFTAR CUSTOMER/SUPPLIER                   Page %{PAGE_NO}",
            "",
            "Print Date: ${tgl:19}                              ${headertext:25:RIGHT}",
            "------------------------------------------------------------------------------"
            
        ],
        "detail": [
            {
                "table": "listcutomers",                                   
                "border": true,
                "columns": [
                    { "source": "no", "width": 3, "caption": "No" },   
                    { "source": "code", "width": 7, "caption": "Code" },
                    { "source": "nama",  "width": 23, "caption": "Nama" , "wrap": true },
                    { "source": "alamat",  "width": 30, "caption": "Alamat", "wrap": true },
                    { "source": "phone",  "width": 14, "caption": "Telepon" }
                ]
            }
        ]
    }
}