{
    "pageFormat": {
        "pageWidth": 80,                                                   
        "pageLength": 30, 
        "LeftMargin" :5,                                              
        "usePageLengthFromPrinter": false                                  
    },
    "template": {
        "header": [
            "",
            "",
            " ${headertext:79:right}", 
            " -------------------------------------------------------------------------------"
            
        ],
        "detail": [
            " LORRY NO       : ${nobk:20}",
            " CUTOMER        : ${customer:20}",
            " PRODUCT        : ${product:20}",
            " TRANSPORTER    : ${trans:20}",
            " CONTRACT NO.   : ${nocontract:20}",
            " D/O No.        : ${nodo:20}",
            " SUPPLIER WIGHT : ${suppweigh:20:RIGHT}",
            "",
            " DATE/TIME IN   : ${tgl1:19}                        ${firtWeight:19:RIGHT}",
            " DATE/TIME OUT  : ${tgl2:19}                        ${secondWeight:19:RIGHT}",
            " -------------------------------------------------------------------------------",
            "                                           GROSS WEIGHT    : ${grossWeight:19:RIGHT}",
            "  POTONGAN  :   ${deducPersen:19:RIGHT}        TOTAL DEDUCTION : ${deducWeight:19:RIGHT}",
            "                                                           ---------------------",
            "                                           NETTO WEIGHT    : %{BOLD}${nettoWeight:19:RIGHT}%{BOLD}",
            "",
            "",
            "",
            "","",
            "   ${nama:25}${supir:25}",
            "   -----------------        ----------------",
            "   Weigh BY                 Transport By",
            "                                              REMARKS:"            
        ]
    }
}
